{"cameraMode":{"drawMode":0,"name":"Shaded","section":"Shading Mode"},"sceneLighting":true,"audioPlay":false,"sceneViewState":{"showFog":true,"showMaterialUpdate":false,"showSkybox":true,"showFlares":true,"showImageEffects":true,"showParticleSystems":true},"in2DMode":false,"pivot":{"x":0.5932730436325073,"y":-0.08049732446670532,"z":-0.24181699752807618},"rotation":{"x":0.12906044721603394,"y":0.1437462419271469,"z":-0.018905188888311387,"w":0.9809912443161011},"size":15.426843643188477,"orthographic":false}